{
  "schemaVersion": 1,
  "id": "tickrate-changer",
  "version": "${version}",

  "name": "tickrate-changer",
  "description": "Slow down or speed up your game with this mod!",
  "authors": [
    "TenCommands"
  ],
  "contact": {
    "repo": "https://github.com/tencommands/tickrate-changer"
  },

  "license": "All-Rights-Reserved",
  "icon": "icon.png",

  "environment": "*",
  "entrypoints": {
    "client": [
      "net.tencommands.tickratechanger.tickratechanger.client.Tickrate_changerClient"
    ],
    "main": [
      "net.tencommands.tickratechanger.tickratechanger.Tickrate_changer"
    ]
  },

  "depends": {
    "fabricloader": ">=${loader_version}",
    "fabric": "*",
    "minecraft": "${minecraft_version}"
  }
}
